Time,Time Code,Country Name,Country Code,Net migration [SM.POP.NETM],"Population, total [SP.POP.TOTL]",GDP per capita (constant 2015 US$) [NY.GDP.PCAP.KD],"GDP per capita, PPP (constant 2017 international $) [NY.GDP.PCAP.PP.KD]","Life expectancy at birth, total (years) [SP.DYN.LE00.IN]",Human capital index (HCI) (scale 0-1) [HD.HCI.OVRL]
2007,YR2007,Afghanistan,AFG,-1046361,27100542,392.71046559534,1460.8257513794,59.375,..
2007,YR2007,Albania,ALB,-217358,2970017,3044.89581910515,9150.12979716499,75.646,..
2007,YR2007,Algeria,DZA,-357340,34166976,3828.1484762911,10717.7708365909,73.936,..
2007,YR2007,American Samoa,ASM,..,58367,12586.7160375183,..,..,..
2007,YR2007,Andorra,AND,..,82682,40392.0317462849,..,..,..
2007,YR2007,Angola,AGO,357301,20905360,2845.40643012187,7310.83170139646,52.177,..
2007,YR2007,Antigua and Barbuda,ATG,1887,84029,18062.4656633866,23511.066657261,75.376,..
2007,YR2007,Argentina,ARG,-120000,39684303,12919.2353647124,22424.1177287545,74.787,..
2007,YR2007,Armenia,ARM,-183361,2932615,3093.36933999173,9708.41539720344,72.815,..
2007,YR2007,Aruba,ABW,-441,101226,29689.3415636977,38118.4656387148,74.576,..
2007,YR2007,Australia,AUS,1210802,20827600,52538.9755805727,44072.8840257292,81.2926829268293,..
2007,YR2007,Austria,AUT,153763,8295487,43937.7128905744,52565.0739687956,80.1804878048781,..
2007,YR2007,Azerbaijan,AZE,53579,8581300,4326.96156868441,11684.1915431474,69.752,..
2007,YR2007,"Bahamas, The",BHS,14536,337387,35696.9205483877,40381.4592837916,71.998,..
2007,YR2007,Bahrain,BHR,272000,1035924,22111.6800768009,47000.3153341983,75.625,..
2007,YR2007,Bangladesh,BGD,-3254778,142660381,856.045947208304,3004.03432125823,68.648,..
2007,YR2007,Barbados,BRB,-249,278701,18205.4032895449,16918.7529732104,78.097,..
2007,YR2007,Belarus,BLR,63933,9560953,4684.98029099754,14417.3535308989,70.2073170731707,..
2007,YR2007,Belgium,BEL,294270,10625700,40290.2277563956,48590.4005353331,79.7829268292683,..
2007,YR2007,Belize,BLZ,8722,299031,4827.75002669641,7327.05571212005,70.636,..
2007,YR2007,Benin,BEN,-48776,8454790,981.455745386847,2685.13026141894,58.255,..
2007,YR2007,Bermuda,BMU,..,64888,128757.880688002,98257.9926982026,78.9341463414634,..
2007,YR2007,Bhutan,BTN,-10971,664873,1840.27160175559,6743.04653246607,66.709,..
2007,YR2007,Bolivia,BOL,-67700,9558438,2313.8912274833,6085.38647365464,66.395,..
2007,YR2007,Bosnia and Herzegovina,BIH,-59246,3762791,3909.9716419589,10441.6043952248,75.498,..
2007,YR2007,Botswana,BWA,26928,1875458,5612.32779161749,13056.6725330635,54.983,..
2007,YR2007,Brazil,BRA,0,190130445,7936.82442801739,13564.9942008518,72.618,..
2007,YR2007,British Virgin Islands,VGB,..,25050,..,..,..,..
2007,YR2007,Brunei Darussalam,BRN,-2257,374967,35064.8666973036,71051.7107888333,74.351,..
2007,YR2007,Bulgaria,BGR,-83742,7545338,6044.75941177202,17078.3683006756,72.6634146341463,..
2007,YR2007,Burkina Faso,BFA,-125000,14252029,539.820017460504,1590.83027032364,54.841,..
2007,YR2007,Burundi,BDI,30004,7862226,302.069035257729,815.908212912447,54.944,..
2007,YR2007,Cabo Verde,CPV,-11341,475067,2922.23307196269,6018.10724081733,70.676,..
2007,YR2007,Cambodia,KHM,-295987,13679953,824.849350223982,2511.90102327932,64.697,..
2007,YR2007,Cameroon,CMR,-54000,18730283,1248.66259859339,3224.75517367433,53.681,..
2007,YR2007,Canada,CAN,1326431,32889025,42097.4351198181,45888.4763265252,80.5439024390244,..
2007,YR2007,Cayman Islands,CYM,..,52280,91434.5366678909,80595.6672289125,..,..
2007,YR2007,Central African Republic,CAF,-125614,4198004,479.192165849015,1082.68664802488,45.636,..
2007,YR2007,Chad,TCD,75000,10818031,655.942567186846,1569.74883183845,49.335,..
2007,YR2007,Channel Islands,CHI,5970,154644,..,..,80.802,..
2007,YR2007,Chile,CHL,107169,16530201,11147.9935659382,20098.2959728719,78.099,..
2007,YR2007,China,CHN,-2178385,1317885000,4319.02376854822,6795.17401237991,73.553,..
2007,YR2007,Colombia,COL,-195000,43737512,4890.27760745772,11161.5133168718,74.732,..
2007,YR2007,Comoros,COM,-10000,641624,1166.01823127984,2777.14025676393,60.734,..
2007,YR2007,"Congo, Dem. Rep.",COD,-43426,58453687,381.455567739075,817.069598483967,55.091,..
2007,YR2007,"Congo, Rep.",COG,91771,3876123,2047.46805486066,4368.58833403134,57.541,..
2007,YR2007,Costa Rica,CRI,30339,4404626,9725.38491959264,15989.3313315427,78.362,..
2007,YR2007,Cote d'Ivoire,CIV,-200000,19171250,1557.9082941826,3488.64668391041,51.091,..
2007,YR2007,Croatia,HRV,-10499,4310217,12550.2339482454,26170.9958928937,75.7056097560976,..
2007,YR2007,Cuba,CUB,-240000,11251117,6235.76589977118,..,78.019,..
2007,YR2007,Curacao,CUW,15363,144056,21011.1568861109,27932.5883583809,75.3634146341464,..
2007,YR2007,Cyprus,CYP,58658,1063708,27154.900390625,39967.4296875,78.91,..
2007,YR2007,Czechia,CZE,250889,10298828,16739.1787158121,33956.2459846788,76.7243902439025,..
2007,YR2007,Denmark,DNK,87989,5461438,53935.8702479631,53569.0280238008,78.1951219512195,..
2007,YR2007,Djibouti,DJI,-12221,805456,..,..,58.719,..
2007,YR2007,Dominica,DMA,..,70797,7196.35619459063,11239.7221287126,..,..
2007,YR2007,Dominican Republic,DOM,-153773,9338856,5308.63239429042,11756.4666220014,71.304,..
2007,YR2007,Ecuador,ECU,-44999,14296554,5048.14455495843,9805.65121285274,74.514,..
2007,YR2007,"Egypt, Arab Rep.",EGY,-283573,78232124,3126.27499811106,9274.97705396552,69.788,..
2007,YR2007,El Salvador,SLV,-285671,6105810,3308.04962702608,7269.72019952464,70.542,..
2007,YR2007,Equatorial Guinea,GNQ,80001,821686,14619.7505640976,36685.3433527448,54.842,..
2007,YR2007,Eritrea,ERI,-80009,2996540,722.366994941337,..,60.243,..
2007,YR2007,Estonia,EST,-15151,1340680,17459.0983144278,31140.5798350899,72.8146341463415,..
2007,YR2007,Ethiopia,ETH,-50132,80674343,362.969313430905,1008.13532290967,58.467,..
2007,YR2007,Faroe Islands,FRO,..,47825,..,..,79.9878048780488,..
2007,YR2007,Fiji,FJI,-23691,836185,4534.88283455346,10573.5962345832,66.413,..
2007,YR2007,Finland,FIN,57558,5288720,46212.6409741216,48664.265707071,79.2634146341464,..
2007,YR2007,France,FRA,446120,64016227,36468.0978775182,43127.2128556843,81.1121951219512,..
2007,YR2007,French Polynesia,PYF,-9019,262717,..,..,74.793,..
2007,YR2007,Gabon,GAB,63698,1472565,7301.22884242197,15334.7235424854,59.229,..
2007,YR2007,"Gambia, The",GMB,-15436,1639846,686.142379720242,2137.85713262186,58.671,..
2007,YR2007,Georgia,GEO,-119811,3860158,2901.10409419212,9109.89774086377,70.765,..
2007,YR2007,Germany,DEU,43087,82266372,37842.3577913563,47100.6097046962,79.5341463414634,..
2007,YR2007,Ghana,GHA,150000,22963946,1240.16196738877,3345.63609135634,59.741,..
2007,YR2007,Gibraltar,GIB,..,33524,..,..,..,..
2007,YR2007,Greece,GRC,-370769,11048473,24073.0004963747,37619.8239104436,79.4390243902439,..
2007,YR2007,Greenland,GRL,..,56555,39896.9168745397,..,69.3726829268293,..
2007,YR2007,Grenada,GRD,-3526,105183,8676.50745128638,14442.8802800479,73.096,..
2007,YR2007,Guam,GUM,-9776,158848,32653.3078657691,..,77.227,..
2007,YR2007,Guatemala,GTM,-114231,13477017,3573.59963564153,7269.2062604465,70.409,..
2007,YR2007,Guinea,GIN,-311422,9518159,683.900116111828,1856.26101823333,54.864,..
2007,YR2007,Guinea-Bissau,GNB,-17502,1411545,566.107362921541,1688.81368651749,53.136,..
2007,YR2007,Guyana,GUY,-50078,746477,4443.0726185811,8972.29100311083,67.247,..
2007,YR2007,Haiti,HTI,-138004,9495336,1324.87068061406,2963.69003804162,59.408,..
2007,YR2007,Honduras,HND,-25000,7808520,2141.37517135877,4914.32374334188,72.544,..
2007,YR2007,"Hong Kong SAR, China",HKG,89747,6916300,36371.5093080986,49042.9331206126,82.3268292682927,..
2007,YR2007,Hungary,HUN,25150,10055780,11797.4289746965,25533.3675517641,73.1512195121951,..
2007,YR2007,Iceland,ISL,12007,311566,53646.3690202759,52827.0101225049,81.4536585365854,..
2007,YR2007,India,IND,-2655844,1183209471,1075.99408734074,3661.95550498001,65.35,..
2007,YR2007,Indonesia,IDN,-1333685,232374239,2402.6675422689,7319.43438577559,68.105,..
2007,YR2007,"Iran, Islamic Rep.",IRN,-576900,71336476,5304.80473108558,14891.9672211361,72.626,..
2007,YR2007,Iraq,IRQ,-1102117,27911242,3626.94588448514,7695.11488225254,68.13,..
2007,YR2007,Ireland,IRL,197285,4398942,51625.2760745685,59530.8852826693,79.6414634146341,..
2007,YR2007,Isle of Man,IMN,..,82406,65025.6392324003,..,..,..
2007,YR2007,Israel,ISR,273635,7180100,31207.6019852719,32512.8673860842,80.5048780487805,..
2007,YR2007,Italy,ITA,1050948,58438310,34081.0903298709,45356.5367193485,81.4341463414634,..
2007,YR2007,Jamaica,JAM,-87319,2768229,5308.44033225484,10246.1619222218,74.129,..
2007,YR2007,Japan,JPN,277580,128001000,33990.0360341685,39280.894898666,82.5070731707317,..
2007,YR2007,Jordan,JOR,649995,6255290,4678.83506322845,11399.9655461346,72.931,..
2007,YR2007,Kazakhstan,KAZ,-35196,15484192,8438.10464515505,19500.4789415616,66.34,..
2007,YR2007,Kenya,KEN,-189330,38705934,1287.24979019622,3581.33232769747,57.463,..
2007,YR2007,Kiribati,KIR,-295,96531,1492.80824061907,2085.53262480462,64.953,..
2007,YR2007,"Korea, Dem. People's Rep.",PRK,-24681,24188330,..,..,68.675,..
2007,YR2007,"Korea, Rep.",KOR,-156546,48683638,23360.9057353821,31569.9311989123,79.119512195122,..
2007,YR2007,Kosovo,XKX,..,1733404,..,..,69.1975609756098,..
2007,YR2007,Kuwait,KWT,479500,2504026,41170.670793817,75580.9338296653,73.807,..
2007,YR2007,Kyrgyz Republic,KGZ,-76604,5268400,900.025513928094,3857.65390900444,67.8951219512195,..
2007,YR2007,Lao PDR,LAO,-110258,5944950,1325.44164437229,4052.83831993612,62.731,..
2007,YR2007,Latvia,LVA,-86594,2200325,13186.2472509517,25469.1570565611,71.019512195122,..
2007,YR2007,Lebanon,LBN,-26882,4767347,7294.95782793859,15512.0235044179,77.609,..
2007,YR2007,Lesotho,LSO,-92476,1986926,911.628426714867,2148.82543875459,42.854,..
2007,YR2007,Liberia,LBR,175585,3461911,608.990409728766,1376.15891396381,57.365,..
2007,YR2007,Libya,LBY,-118555,5974786,14010.497849291,34029.0270029118,72.155,..
2007,YR2007,Liechtenstein,LIE,..,35217,..,..,81.2951219512195,..
2007,YR2007,Lithuania,LTU,-150930,3231294,11984.9232941064,25835.3680157114,70.9,..
2007,YR2007,Luxembourg,LUX,42279,479993,112417.878458001,120647.822958963,79.3829268292683,..
2007,YR2007,"Macao SAR, China",MAC,42381,504504,60249.1696496526,96154.3553833485,81.981,..
2007,YR2007,North Macedonia,MKD,-7399,2043559,4017.79210065609,12511.7124952916,73.8,..
2007,YR2007,Madagascar,MDG,-7500,19433520,495.363132797316,1639.88302726712,62.079,..
2007,YR2007,Malawi,MWI,-59163,13341808,313.888111242712,1202.04073049853,50.595,..
2007,YR2007,Malaysia,MYS,761878,26720367,7850.42653495737,19546.985916628,73.931,..
2007,YR2007,Maldives,MDV,17994,335172,8534.90423319934,16330.1621375324,74.621,..
2007,YR2007,Mali,MLI,-100823,13651455,697.348629332027,1985.62342755127,53.553,..
2007,YR2007,Malta,MLT,5737,406724,19338.3447044487,30951.5485067248,79.7926829268293,..
2007,YR2007,Marshall Islands,MHL,..,56046,3124.08557256539,3500.68305550384,..,..
2007,YR2007,Mauritania,MRT,10001,3202512,1510.16656621179,4978.62037020618,61.776,..
2007,YR2007,Mauritius,MUS,-12079,1239630,6938.84969212142,14909.1708552865,72.5707317073171,..
2007,YR2007,Mexico,MEX,-562404,109170503,9214.35353384224,18462.840123233,75.255,..
2007,YR2007,"Micronesia, Fed. Sts.",FSM,-12278,104442,3012.94710361971,3574.01669881855,65.901,..
2007,YR2007,Moldova,MDA,-47911,2873429,2069.13773980556,7845.66936949833,68.302,..
2007,YR2007,Monaco,MCO,..,34524,149446.595032353,..,..,..
2007,YR2007,Mongolia,MNG,-10998,2593819,2411.16654917866,6850.07817692815,65.985,..
2007,YR2007,Montenegro,MNE,-683,615875,5798.06224980216,16248.3274541508,74.3390243902439,..
2007,YR2007,Morocco,MAR,-565140,31163670,2294.51416015625,5686.9189453125,73.009,..
2007,YR2007,Mozambique,MOZ,-40000,21673319,428.769641897792,917.795240453608,50.934,..
2007,YR2007,Myanmar,MMR,-1336928,49621479,681.817045453214,2086.99124711417,62.294,..
2007,YR2007,Namibia,NAM,8713,2006516,4011.63944783012,8735.71373929235,52.593,..
2007,YR2007,Nauru,NRU,..,9846,2824.81265896769,4589.025372107,..,..
2007,YR2007,Nepal,NPL,-971580,26382586,642.968395980404,2375.70188989734,66.26,..
2007,YR2007,Netherlands,NLD,65713,16381696,45138.678436798,52909.9697572206,80.0975609756098,..
2007,YR2007,New Caledonia,NCL,1705,239250,..,..,76.4780487804878,..
2007,YR2007,New Zealand,NZL,62413,4223800,36362.6886571679,38611.9803208566,80.1512195121951,..
2007,YR2007,Nicaragua,NIC,-155010,5590066,1674.91871499189,4600.53606266194,71.673,..
2007,YR2007,Niger,NER,-20001,14685404,416.746825011148,973.983213236464,54.968,..
2007,YR2007,Nigeria,NGA,-300000,146339971,2089.77715420856,4288.27030694183,49.373,..
2007,YR2007,Northern Mariana Islands,MNP,..,55215,21475.2798289881,..,..,..
2007,YR2007,Norway,NOR,163433,4709153,75624.4412047731,64062.4393106033,80.3951219512195,..
2007,YR2007,Oman,OMN,267000,2657162,20230.299424815,37910.6267930107,74.893,..
2007,YR2007,Pakistan,PAK,-339805,167808106,1246.57961222112,4425.29197313814,64.42,..
2007,YR2007,Palau,PLW,..,19159,13855.4653079421,16177.2550761463,..,..
2007,YR2007,Panama,PAN,22244,3453671,9169.15311283671,19125.626991915,76.234,..
2007,YR2007,Papua New Guinea,PNG,38578,6808503,2046.48849766274,3118.79762385784,61.141,..
2007,YR2007,Paraguay,PRY,-117900,5998430,4208.04873035811,9193.83991191429,72.055,..
2007,YR2007,Peru,PER,-1202758,28333050,4438.59396144903,8629.26453343658,73.528,..
2007,YR2007,Philippines,PHL,-1548077,89405482,2250.60938519144,5474.68132696435,69.37,..
2007,YR2007,Poland,POL,-178456,38120560,9748.53407697564,21543.1632871434,75.2439024390244,..
2007,YR2007,Portugal,PRT,92133,10542964,19950.8440966199,32251.5690977426,78.3219512195122,..
2007,YR2007,Puerto Rico,PRI,-138043,3782995,29347.8915630732,33831.9426752209,78.4258536585366,..
2007,YR2007,Qatar,QAT,914602,1218441,60926.7383022767,92749.5566582996,78.601,..
2007,YR2007,Romania,ROU,-774651,20882982,7450.05473264225,19833.9544237127,72.5658536585366,..
2007,YR2007,Russian Federation,RUS,2326672,142805114,8640.3984375,23647.265625,67.5868292682927,..
2007,YR2007,Rwanda,RWA,-79767,9273759,511.717669525781,1287.04841191342,58.915,..
2007,YR2007,Samoa,WSM,-15085,182045,3948.67086419418,5809.46100398712,70.901,..
2007,YR2007,San Marino,SMR,..,30068,65163.0506550807,88683.3167538636,..,..
2007,YR2007,Sao Tome and Principe,STP,-3391,166297,1286.74576468668,3080.79874207718,65.854,..
2007,YR2007,Saudi Arabia,SAU,1073093,25184589,18496.3245216551,43865.9002760398,73.467,..
2007,YR2007,Senegal,SEN,-218014,11687078,1132.00668175676,2754.19223718363,62.126,..
2007,YR2007,Serbia,SRB,-119556,7381579,4967.6208568509,13846.2881198592,73.6317073170732,..
2007,YR2007,Seychelles,SYC,-2725,85033,12701.6748762937,21953.9897803941,73.1439024390244,..
2007,YR2007,Sierra Leone,SLE,60000,5989641,500.928234936043,1314.60561963486,46.52,..
2007,YR2007,Singapore,SGP,721338,4588599,46179.6536839625,73992.123782875,80.4414634146342,..
2007,YR2007,Sint Maarten (Dutch part),SXM,..,33811,..,..,74.5439024390244,..
2007,YR2007,Slovak Republic,SVK,-8855,5374622,13734.4532787413,24136.9720781675,74.2073170731707,..
2007,YR2007,Slovenia,SVN,39348,2018122,21574.7534360106,34907.3688265664,78.5609756097561,..
2007,YR2007,Solomon Islands,SLB,-14256,492133,1910.31762788077,2219.85774952132,69.762,..
2007,YR2007,Somalia,SOM,-199997,11080122,..,..,52.998,..
2007,YR2007,South Africa,ZAF,862221,49119766,6060.39420926967,13563.7268706031,54.452,..
2007,YR2007,South Sudan,SSD,846611,8315144,..,..,52.96,..
2007,YR2007,Spain,ESP,2273848,45226803,27218.8172427069,39520.8222657597,80.8731707317073,..
2007,YR2007,Sri Lanka,LKA,-520065,19842044,2542.59355276765,7865.36830357171,75.037,..
2007,YR2007,St. Kitts and Nevis,KNA,..,47769,16123.0951614693,22518.4350731631,..,..
2007,YR2007,St. Lucia,LCA,4360,167644,10173.5995910708,14168.9997278943,74.426,..
2007,YR2007,St. Martin (French part),MAF,..,36138,..,..,78.0219512195122,..
2007,YR2007,St. Vincent and the Grenadines,VCT,-5696,108516,7153.53290275684,12359.2247348669,71.554,..
2007,YR2007,Sudan,SDN,-982687,32360619,2280.77001953125,4834.11083984375,61.422,..
2007,YR2007,Suriname,SUR,-6485,511181,8203.60899269943,17284.6272798923,69.579,..
2007,YR2007,Eswatini,SWZ,-38219,1042651,3175.22333543037,7167.54319615962,43.308,..
2007,YR2007,Sweden,SWE,262453,9148092,49145.1958332412,48557.3843477247,80.9,..
2007,YR2007,Switzerland,CHE,344872,7551117,81804.8618433813,65641.7106078648,81.7414634146342,..
2007,YR2007,Syrian Arab Republic,SYR,370000,19878257,1570.89772298148,..,74.152,..
2007,YR2007,Tajikistan,TJK,-145788,7062667,699.294570022615,2133.1224339878,67.382,..
2007,YR2007,Tanzania,TZA,-500853,40681416,744.524841308594,1848.98547363281,55.926,..
2007,YR2007,Thailand,THA,59008,66182064,4826.87147665486,13460.0605585001,72.916,..
2007,YR2007,Timor-Leste,TLS,-38074,1036388,932.614946698346,2305.87361819444,65.61,..
2007,YR2007,Togo,TGO,-10598,5920360,449.826918078448,1513.16116256045,55.581,..
2007,YR2007,Tonga,TON,-7761,102577,3816.76499538245,5231.68271951495,69.878,..
2007,YR2007,Trinidad and Tobago,TTO,-18605,1308450,18076.3204357111,29714.3136013909,71.21,..
2007,YR2007,Tunisia,TUN,-40641,10304729,3690.58766320601,10016.3936042538,74.558,..
2007,YR2007,Turkiye,TUR,-50000,69581854,8483.96613595463,20009.688894664,73.235,..
2007,YR2007,Turkmenistan,TKM,-62717,4870142,3353.14477357012,6773.09569391502,65.695,..
2007,YR2007,Turks and Caicos Islands,TCA,..,30383,..,..,..,..
2007,YR2007,Tuvalu,TUV,..,10219,3058.53631662267,3520.85844776493,..,..
2007,YR2007,Uganda,UGA,-500000,29486335,688.421450833215,1679.95618210572,53.887,..
2007,YR2007,Ukraine,UKR,269541,46509355,2528.0810546875,13345.771484375,68.2221951219512,..
2007,YR2007,United Arab Emirates,ARE,3592436,6168846,45388.6672833264,76620.3150650904,75.767,..
2007,YR2007,United Kingdom,GBR,2189404,61322463,44576.3676643203,44219.4876704115,79.4487804878049,..
2007,YR2007,United States,USA,5428756,301231207,54299.6172405205,55884.6774492815,77.9878048780488,..
2007,YR2007,Uruguay,URY,-50000,3331753,11245.2194619703,16151.3695323714,76.251,..
2007,YR2007,Uzbekistan,UZB,-140130,26868000,1787.49021293322,4154.70257824077,68.939,..
2007,YR2007,Vanuatu,VUT,-3275,219464,2789.79861609695,3017.15084108818,68.672,..
2007,YR2007,"Venezuela, RB",VEN,-200220,27247601,..,..,73.01,..
2007,YR2007,Vietnam,VNM,-799969,85419588,1751.70802813717,5461.2811479205,74.474,..
2007,YR2007,Virgin Islands (U.S.),VIR,-6267,108337,49598.1259079427,..,76.8634146341463,..
2007,YR2007,West Bank and Gaza,PSE,-103670,3494496,2569.98434108953,4750.92969249725,72.366,..
2007,YR2007,"Yemen, Rep.",YEM,-65768,21282514,2554.6165254089,..,64.47,..
2007,YR2007,Zambia,ZMB,-175000,12502958,1018.11968097414,2619.72136960841,51.134,..
2007,YR2007,Zimbabwe,ZWE,-512676,12255920,1042.3553444211,1702.32753650321,44.947,..
2012,YR2012,Afghanistan,AFG,521769,31161378,557.94969211234,2075.49161435331,62.054,..
2012,YR2012,Albania,ALB,-136590,2900401,3736.33910071368,11227.9663308153,77.252,..
2012,YR2012,Algeria,DZA,-143268,37383899,4012.36150560736,11233.5170375426,75.436,..
2012,YR2012,American Samoa,ASM,..,55669,11812.4591111668,..,..,..
2012,YR2012,Andorra,AND,..,82427,33750.1908479352,..,..,..
2012,YR2012,Angola,AGO,166267,25107925,3128.32471511418,8037.74647354658,57.236,..
2012,YR2012,Antigua and Barbuda,ATG,943,90407,13802.7074917283,17966.3387012831,76.087,..
2012,YR2012,Argentina,ARG,30000,41733271,13895.6337072986,24118.8675158912,75.598,..
2012,YR2012,Armenia,ARM,-30535,2884239,3312.9800082494,10397.654656654,73.82,..
2012,YR2012,Aruba,ABW,1253,102565,26221.2595482801,33665.7577585716,75.299,..
2012,YR2012,Australia,AUS,989375,22733465,55254.6062126847,46350.9199520719,82.0463414634146,..
2012,YR2012,Austria,AUT,267172,8429991,44549.881698231,53297.4447850919,80.9365853658537,..
2012,YR2012,Azerbaijan,AZE,8499,9295784,5194.73838966177,14027.468790254,71.506,..
2012,YR2012,"Bahamas, The",BHS,4999,363581,32652.2081405392,36937.1865499089,72.424,..
2012,YR2012,Bahrain,BHR,42000,1299942,21187.5418849515,45035.9785547932,76.342,..
2012,YR2012,Bangladesh,BGD,-2306839,151005733,1078.28754620684,3783.92399094259,70.606,..
2012,YR2012,Barbados,BRB,-397,283698,16505.1852820712,15338.6963267547,78.547,..
2012,YR2012,Belarus,BLR,72123,9446836,6047.87112888287,18611.4542129387,71.9658536585366,..
2012,YR2012,Belgium,BEL,258672,11106932,39975.5736402458,48210.9246578014,80.3853658536585,..
2012,YR2012,Belize,BLZ,7594,338001,4733.54670984569,7184.08373821608,73.044,..
2012,YR2012,Benin,BEN,-42268,9729254,1008.76630305255,2759.84825577488,59.842,..
2012,YR2012,Bermuda,BMU,..,64798,106119.795030798,80982.367755316,81.6778048780488,..
2012,YR2012,Bhutan,BTN,300,701582,2479.15172302171,9084.00445533749,69.263,..
2012,YR2012,Bolivia,BOL,-57620,10377677,2692.60749690449,7081.38612822582,69.01,..
2012,YR2012,Bosnia and Herzegovina,BIH,-258529,3604972,4215.61988517547,11257.8399928221,76.401,..
2012,YR2012,Botswana,BWA,-73138,2039551,6089.39910818972,14166.544263062,63.511,..
2012,YR2012,Brazil,BRA,15924,199287292,9056.58043788945,15478.792838839,74.209,..
2012,YR2012,British Virgin Islands,VGB,..,28654,..,..,..,..
2012,YR2012,Brunei Darussalam,BRN,-901,398997,34096.9075567649,69090.341492818,74.962,..
2012,YR2012,Bulgaria,BGR,-24472,7305888,6693.61236429071,18911.5843050238,74.3146341463415,..
2012,YR2012,Burkina Faso,BFA,-125000,16571252,622.519711182775,1834.54330775192,58.374,..
2012,YR2012,Burundi,BDI,-70001,9245992,319.398285661768,862.715651206171,58.568,..
2012,YR2012,Cabo Verde,CPV,-8029,505241,3085.19174555425,6353.70770434801,71.445,..
2012,YR2012,Cambodia,KHM,-149999,14780454,992.549834232567,3022.59672458674,67.48,..
2012,YR2012,Cameroon,CMR,-36000,21485267,1278.16438392947,3300.94551925072,56.073,..
2012,YR2012,Canada,CAN,1241416,34714222,42315.8073891558,46126.5138859002,81.6487804878049,..
2012,YR2012,Cayman Islands,CYM,..,58963,74688.8864037566,65835.0865402167,..,..
2012,YR2012,Central African Republic,CAF,-396129,4436411,575.501888818936,1300.28880967492,48.638,..
2012,YR2012,Chad,TCD,100000,12784748,737.612607850153,1765.19498420091,51.928,..
2012,YR2012,Channel Islands,CHI,3570,162051,..,..,81.883,..
2012,YR2012,Chile,CHL,163730,17400359,12973.2383185152,23388.9607048925,79.176,..
2012,YR2012,China,CHN,-1552209,1354190000,6591.65085082332,10370.7265716791,75.013,..
2012,YR2012,Colombia,COL,-193380,46075721,5631.21736993297,12852.6257014235,75.882,..
2012,YR2012,Comoros,COM,-10000,723865,1236.9389438068,2946.05422441332,62.595,..
2012,YR2012,"Congo, Dem. Rep.",COD,15060,69020749,432.678407381046,926.787816171911,57.914,..
2012,YR2012,"Congo, Rep.",COG,-60000,4510197,2579.69897905051,5504.18495587204,61.423,..
2012,YR2012,Costa Rica,CRI,19658,4688003,10945.0350113856,17994.5362244551,79.074,..
2012,YR2012,Cote d'Ivoire,CIV,-80000,21547188,1637.39280416786,3666.63750225176,54.271,..
2012,YR2012,Croatia,HRV,-38493,4267558,11546.7017379524,24078.3307312505,76.9243902439024,..
2012,YR2012,Cuba,CUB,-80000,11257112,7138.36817279144,..,78.446,..
2012,YR2012,Curacao,CUW,6817,152088,20356.1817978162,27061.8533662289,77.5243902439024,..
2012,YR2012,Cyprus,CYP,22509,1135046,24216.529296875,35642.640625,79.812,..
2012,YR2012,Czechia,CZE,59997,10510785,16606.9925391504,33688.0998344582,78.0756097560976,..
2012,YR2012,Denmark,DNK,106841,5591572,51567.0401502519,51216.309409926,80.0512195121951,..
2012,YR2012,Djibouti,DJI,6002,868136,..,..,61.395,..
2012,YR2012,Dominica,DMA,..,70954,7554.95432149417,11799.8032577293,..,..
2012,YR2012,Dominican Republic,DOM,-153000,9930916,5969.35276149503,13219.6941289337,72.523,..
2012,YR2012,Ecuador,ECU,-38001,15474099,5885.09986087713,11431.3756193625,75.495,..
2012,YR2012,"Egypt, Arab Rep.",EGY,-280944,86422240,3472.14829808288,10301.1078078999,70.736,..
2012,YR2012,El Salvador,SLV,-240415,6237922,3528.86712432347,7754.98541664728,71.692,..
2012,YR2012,Equatorial Guinea,GNQ,89999,1031191,14614.176931747,36671.3574358438,56.288,..
2012,YR2012,Eritrea,ERI,-246000,..,..,..,63.238,..
2012,YR2012,Estonia,EST,-10516,1322696,16257.4722043516,28997.3228845385,76.3268292682927,..
2012,YR2012,Ethiopia,ETH,399997,92726982,517.51346095389,1437.37660668157,63.281,..
2012,YR2012,Faroe Islands,FRO,..,47843,..,..,81.190243902439,..
2012,YR2012,Fiji,FJI,-51950,865065,4683.22625879714,10919.475837041,66.859,..
2012,YR2012,Finland,FIN,81416,5413971,43637.2486713657,45952.246383366,80.6268292682927,..
2012,YR2012,France,FRA,423831,65659814,36183.4879863585,42790.6328838388,81.9682926829268,..
2012,YR2012,French Polynesia,PYF,-8016,268995,..,..,76.074,..
2012,YR2012,Gabon,GAB,100317,1749677,7181.21372045023,15082.6565608753,62.924,..
2012,YR2012,"Gambia, The",GMB,-15436,1905020,685.464248991779,2135.74423789688,60.178,..
2012,YR2012,Georgia,GEO,-95340,3728874,3597.20376380055,11295.7540913053,72.097,..
2012,YR2012,Germany,DEU,1938576,80425823,40069.3539560742,49872.4474888681,80.5390243902439,..
2012,YR2012,Ghana,GHA,-50000,25996454,1686.06954432207,4548.57935362915,61.72,..
2012,YR2012,Gibraltar,GIB,..,33653,..,..,..,..
2012,YR2012,Greece,GRC,-161799,11045011,18123.6710971914,28322.5730581368,80.6341463414634,..
2012,YR2012,Greenland,GRL,..,56810,43655.7458877164,..,70.55,..
2012,YR2012,Grenada,GRD,-1000,107452,7934.04142148447,13206.9742382866,72.669,..
2012,YR2012,Guam,GUM,-7594,159990,34728.8937132729,..,78.408,..
2012,YR2012,Guatemala,GTM,-50131,14781942,3731.67578420097,7590.75546737921,72.236,..
2012,YR2012,Guinea,GIN,-293749,10652032,737.713052209307,2002.32160983308,57.905,..
2012,YR2012,Guinea-Bissau,GNB,-7005,1604981,590.266056354685,1760.88399471437,55.645,..
2012,YR2012,Guyana,GUY,-34999,755388,5338.7126839522,10780.9365037376,68.575,..
2012,YR2012,Haiti,HTI,-150000,10250922,1329.46575425435,2973.96905936124,61.26,..
2012,YR2012,Honduras,HND,-30000,8640692,2207.23021432074,5065.45699900649,73.814,..
2012,YR2012,"Hong Kong SAR, China",HKG,74892,7150100,39887.5980660433,53783.9875635642,83.4804878048781,..
2012,YR2012,Hungary,HUN,29999,9920362,11470.4034255769,24825.5808329461,75.0634146341463,..
2012,YR2012,Iceland,ISL,-2163,320716,49191.574417162,48440.2550840897,82.9170731707317,..
2012,YR2012,India,IND,-2350075,1265780243,1346.67591021735,4583.17319849986,67.545,..
2012,YR2012,Indonesia,IDN,-454447,248451714,2980.61011028002,9080.06611317194,69.866,..
2012,YR2012,"Iran, Islamic Rep.",IRN,-502345,75539881,5302.46146888723,14885.3890744149,74.776,..
2012,YR2012,Iraq,IRQ,1303607,31890012,4630.73652175022,9824.80871212912,69.148,..
2012,YR2012,Ireland,IRL,-111819,4599533,46001.2732869361,53045.6538178272,80.8463414634146,..
2012,YR2012,Isle of Man,IMN,..,84534,76833.1981293282,..,..,..
2012,YR2012,Israel,ISR,19497,7910500,33995.4276914732,35417.2945677695,81.7048780487805,..
2012,YR2012,Italy,ITA,1637369,59539717,31184.5584255896,41501.7112309705,82.2390243902439,..
2012,YR2012,Jamaica,JAM,-56658,2842128,4887.58695088568,9433.84575756191,74.001,..
2012,YR2012,Japan,JPN,358133,127629000,33518.444936892,38735.8963494252,83.0960975609756,..
2012,YR2012,Jordan,JOR,1056759,8089963,4386.74509536314,10688.2893436103,73.722,..
2012,YR2012,Kazakhstan,KAZ,159807,16792090,9823.69389729401,22702.5788406786,69.52,..
2012,YR2012,Kenya,KEN,-50000,44343469,1381.96870828926,3844.85532532752,62.659,..
2012,YR2012,Kiribati,KIR,-4123,106359,1414.61173524763,1976.28794175662,66.381,..
2012,YR2012,"Korea, Dem. People's Rep.",PRK,-27013,24800638,..,..,70.454,..
2012,YR2012,"Korea, Rep.",KOR,401183,50199853,26675.4401708559,36049.1934873539,80.819512195122,..
2012,YR2012,Kosovo,XKX,..,1807106,3021.36722453318,8105.37493161373,70.4975609756098,..
2012,YR2012,Kuwait,KWT,580000,3348852,33455.238969989,61416.9784968895,74.728,..
2012,YR2012,Kyrgyz Republic,KGZ,-93353,5607200,993.737423275132,4259.31820386993,70.0024390243902,..
2012,YR2012,Lao PDR,LAO,-112313,6444527,1795.13763052428,5489.04028286639,65.267,..
2012,YR2012,Latvia,LVA,-83325,2034319,12410.3079947414,23970.4350618445,73.7780487804878,..
2012,YR2012,Lebanon,LBN,1192354,5537620,8434.49660138496,17935.1426854771,78.611,..
2012,YR2012,Lesotho,LSO,-47704,2014988,1096.82845605457,2585.3657249514,47.416,..
2012,YR2012,Liberia,LBR,25000,4135662,713.06729791504,1611.34543763821,60.663,..
2012,YR2012,Libya,LBY,-300002,6285751,12386.0326102332,30083.4875881233,71.901,..
2012,YR2012,Liechtenstein,LIE,..,36615,..,..,82.3829268292683,..
2012,YR2012,Lithuania,LTU,-146217,2987773,12678.6926859879,27330.8959483858,73.8634146341464,..
2012,YR2012,Luxembourg,LUX,48704,530946,104487.744238704,112137.135491328,81.3926829268293,..
2012,YR2012,"Macao SAR, China",MAC,42350,564037,93801.7602761711,149702.441471417,83.158,..
2012,YR2012,North Macedonia,MKD,-8853,2061044,4408.29643693647,13727.7729238307,74.9024390243903,..
2012,YR2012,Madagascar,MDG,-7500,22346641,464.743174122224,1538.51668164638,64.28,..
2012,YR2012,Malawi,MWI,-80263,15396010,362.131565885079,1386.78999427439,58.629,..
2012,YR2012,Malaysia,MYS,249999,29068189,8888.70252220725,22132.2169241375,74.877,..
2012,YR2012,Maldives,MDV,58358,397231,8732.62917111605,16708.4769031807,76.664,..
2012,YR2012,Mali,MLI,-302449,15979492,705.139449427044,2007.80692981945,56.135,..
2012,YR2012,Malta,MLT,15505,420028,21221.5116404443,33965.6085856271,80.7463414634146,..
2012,YR2012,Marshall Islands,MHL,..,56712,3095.9197348004,3469.12192546507,..,..
2012,YR2012,Mauritania,MRT,25002,3706555,1453.81345681489,4792.83905002265,63.079,..
2012,YR2012,Mauritius,MUS,-12079,1255882,8384.32378311196,18014.9911490937,73.8634146341464,..
2012,YR2012,Mexico,MEX,-422477,117274156,9280.25863791442,18594.8944659843,74.966,..
2012,YR2012,"Micronesia, Fed. Sts.",FSM,-2999,104506,3076.1654054853,3649.00748317953,66.817,..
2012,YR2012,Moldova,MDA,-7020,2859458,2373.74303074537,9000.65888756597,70.581,..
2012,YR2012,Monaco,MCO,..,36459,139442.718139608,..,..,..
2012,YR2012,Mongolia,MNG,-4262,2824698,3335.79359166005,9476.92596878098,68.217,..
2012,YR2012,Montenegro,MNE,-3112,620601,5995.77163480183,16802.3827039617,76.2,..
2012,YR2012,Morocco,MAR,-367108,33241898,2673.04565429688,6625.10400390625,74.97,..
2012,YR2012,Mozambique,MOZ,-25000,24862673,523.294375999906,1120.12848093229,53.931,..
2012,YR2012,Myanmar,MMR,-528211,51413703,1017.01434281131,3113.00523474873,64.453,..
2012,YR2012,Namibia,NAM,-37034,2194777,4420.72685989568,9626.53919173564,59.387,..
2012,YR2012,Nauru,NRU,..,10136,4979.83778599783,8089.95310764168,..,..
2012,YR2012,Nepal,NPL,-2040239,26989160,790.988149573998,2922.61960864188,68.426,..
2012,YR2012,Netherlands,NLD,62687,16754962,44242.9735261304,51860.0559942119,81.1048780487805,..
2012,YR2012,New Caledonia,NCL,3003,259000,..,..,77.0780487804878,..
2012,YR2012,New Zealand,NZL,90895,4408100,36521.490908157,38780.6056237848,81.1560975609756,..
2012,YR2012,Nicaragua,NIC,-135020,5982530,1850.68915143574,5083.32858529112,72.951,..
2012,YR2012,Niger,NER,18911,17795209,464.147736697598,1084.76436261528,58.79,..
2012,YR2012,Nigeria,NGA,-300000,167228803,2500.64118074823,5131.3726452234,51.786,..
2012,YR2012,Northern Mariana Islands,MNP,..,54306,15152.2963587929,..,..,..
2012,YR2012,Norway,NOR,221814,5018573,73178.784945419,61990.6923569269,81.4512195121951,..
2012,YR2012,Oman,OMN,885782,3498031,20102.2405146636,37670.6504363425,76.149,..
2012,YR2012,Pakistan,PAK,-1079167,187280125,1262.2992151925,4481.09573582458,65.849,..
2012,YR2012,Palau,PLW,..,17635,14400.689218138,16813.8433157196,..,..
2012,YR2012,Panama,PAN,28105,3770635,12079.5446792449,25196.3145259262,77.188,..
2012,YR2012,Papua New Guinea,PNG,-3999,7631003,2265.7644132019,3452.96867106082,62.604,..
2012,YR2012,Paraguay,PRY,-87130,6421510,4803.0502955929,10493.8127707461,73.068,..
2012,YR2012,Peru,PER,-624809,29506790,5748.59083468834,11176.0867152669,74.981,..
2012,YR2012,Philippines,PHL,-834619,97212639,2610.96776842689,6351.26494235987,70.149,..
2012,YR2012,Poland,POL,-320806,38063164,11519.6850136222,25457.2075458051,76.7463414634146,..
2012,YR2012,Portugal,PRT,-140000,10514844,18654.9575281944,30156.7015822628,80.3731707317073,..
2012,YR2012,Puerto Rico,PRI,-242701,3634488,29180.4121304848,33638.8741356827,78.8475853658537,..
2012,YR2012,Qatar,QAT,604852,2196078,63233.7086960513,96261.4873345299,79.399,..
2012,YR2012,Romania,ROU,-300001,20058035,8004.909206093,21311.1191873482,74.4121951219512,..
2012,YR2012,Russian Federation,RUS,1800600,143201721,9475.6826171875,25933.29296875,70.0721951219512,..
2012,YR2012,Rwanda,RWA,-108094,10549668,668.828598330504,1682.20649117176,65.438,..
2012,YR2012,Samoa,WSM,-12189,189089,4011.84333844772,5902.40317068659,72.136,..
2012,YR2012,San Marino,SMR,..,32103,43872.9970216466,59708.7283774772,..,..
2012,YR2012,Sao Tome and Principe,STP,-8400,188394,1445.67978068379,3461.32746033286,68.306,..
2012,YR2012,Saudi Arabia,SAU,1722804,29154906,20249.7963955695,48024.4357876718,74.254,..
2012,YR2012,Senegal,SEN,-214002,13401990,1146.17806362529,2788.67145940156,65.448,..
2012,YR2012,Serbia,SRB,29559,7199077,5343.58005298839,14894.2021014287,74.8365853658537,..
2012,YR2012,Seychelles,SYC,-1000,88303,13701.0526050112,23681.3468932712,74.2756097560976,..
2012,YR2012,Sierra Leone,SLE,-21000,6712586,627.115941385395,1645.76496833544,51.018,..
2012,YR2012,Singapore,SGP,317028,5312437,51680.2924786205,82805.6144462007,81.9951219512195,..
2012,YR2012,Sint Maarten (Dutch part),SXM,..,34640,35011.9665781856,45401.7030518955,73.0536585365854,..
2012,YR2012,Slovak Republic,SVK,11346,5407579,15066.8908672567,26478.6021538019,76.109756097561,..
2012,YR2012,Slovenia,SVN,16571,2057159,20157.0052544663,32613.4905292711,80.1243902439024,..
2012,YR2012,Solomon Islands,SLB,-7998,556066,2177.56185418859,2530.40514652271,71.296,..
2012,YR2012,Somalia,SOM,-233405,12715487,..,..,54.713,..
2012,YR2012,South Africa,ZAF,919697,52832659,6231.62075941063,13946.9478425253,60.06,..
2012,YR2012,South Sudan,SSD,-100000,10113648,1137.1298304461,..,55.791,..
2012,YR2012,Spain,ESP,-520442,46773055,24635.1755792043,35769.4600345792,82.4268292682927,..
2012,YR2012,Sri Lanka,LKA,-484772,20425000,3462.936683705,10712.3973470478,75.796,..
2012,YR2012,St. Kitts and Nevis,KNA,..,49881,16774.6987473377,23428.5018373216,..,..
2012,YR2012,St. Lucia,LCA,0,176654,10531.2884542985,14667.161009,75.138,..
2012,YR2012,St. Martin (French part),MAF,..,37012,..,..,78.8731707317073,..
2012,YR2012,St. Vincent and the Grenadines,VCT,-2934,108435,6809.51464620147,11764.8612219757,71.879,..
2012,YR2012,Sudan,SDN,-538145,36193781,2159.21484375,4576.4736328125,63.542,..
2012,YR2012,Suriname,SUR,-5000,541247,9502.01779407373,20020.3149764486,70.851,..
2012,YR2012,Eswatini,SWZ,-41764,1079285,3513.37692394228,7930.8691724935,49.862,..
2012,YR2012,Sweden,SWE,253958,9519374,48885.5484179725,48300.8425001578,81.7048780487805,..
2012,YR2012,Switzerland,CHE,397267,7996861,82800.0740759839,66440.2870236648,82.6975609756098,..
2012,YR2012,Syrian Arab Republic,SYR,-5386986,20438861,1347.28148158609,..,70.55,..
2012,YR2012,Tajikistan,TJK,-136974,7874838,864.542997909685,2637.19488616732,69.34,..
2012,YR2012,Tanzania,TZA,-250435,47053033,857.087707519531,2128.52880859375,60.47,..
2012,YR2012,Thailand,THA,167314,67835969,5531.34901941224,15424.5442688037,74.992,..
2012,YR2012,Timor-Leste,TLS,-28030,1133002,1271.30464876497,3143.27779181869,67.72,..
2012,YR2012,Togo,TGO,-9994,6773807,519.321223098392,1746.93126201228,58.661,..
2012,YR2012,Tonga,TON,-12992,102736,4108.38474323618,5631.40918875302,70.242,..
2012,YR2012,Trinidad and Tobago,TTO,-3999,1344814,18150.8243276235,29836.7849869078,72.382,..
2012,YR2012,Tunisia,TUN,-150000,10846993,3958.58859102281,10743.7581933898,75.376,..
2012,YR2012,Turkiye,TUR,1763078,74651046,9586.76908831811,22610.6827736227,75.373,..
2012,YR2012,Turkmenistan,TKM,-50002,5267906,5249.70414889343,10604.0004134209,67.167,..
2012,YR2012,Turks and Caicos Islands,TCA,..,34067,22609.7380238783,23049.4472847735,..,..
2012,YR2012,Tuvalu,TUV,..,10744,2973.72880057103,3423.23160001376,..,..
2012,YR2012,Uganda,UGA,-299994,34558700,818.307499049247,1996.91735379162,59.017,..
2012,YR2012,Ukraine,UKR,132154,45593342,2459.7568359375,12985.0869140625,70.9441463414634,..
2012,YR2012,United Arab Emirates,ARE,270000,9141598,33996.5281241158,57389.3187858778,76.711,..
2012,YR2012,United Kingdom,GBR,1300231,63700215,43099.5973494837,42754.540431536,80.9048780487805,..
2012,YR2012,United States,USA,4961716,313877662,54213.4595516389,55796.0047311739,78.7414634146342,..
2012,YR2012,Uruguay,URY,-30000,3378975,14541.0326655196,20885.1052447081,77.004,..
2012,YR2012,Uzbekistan,UZB,-66469,29774500,2354.59365543821,5472.83350710237,70.155,..
2012,YR2012,Vanuatu,VUT,1785,249505,2816.76669637985,3046.31666174584,69.421,..
2012,YR2012,"Venezuela, RB",VEN,-431040,29360827,..,..,73.037,..
2012,YR2012,Vietnam,VNM,-399999,89801926,2216.94412782284,6911.74269729606,74.958,..
2012,YR2012,Virgin Islands (U.S.),VIR,-4501,108188,36938.1682086351,..,78.5170731707317,..
2012,YR2012,West Bank and Gaza,PSE,-157065,3979998,3237.91619995789,5985.68324726688,73.041,..
2012,YR2012,"Yemen, Rep.",YEM,-75010,24473176,2302.11537855163,..,65.92,..
2012,YR2012,Zambia,ZMB,-50000,14465148,1297.76259681946,3339.2699022511,58.502,..
2012,YR2012,Zimbabwe,ZWE,-622997,13115149,1432.30585416474,2339.17704676185,55.032,..
2017,YR2017,Afghanistan,AFG,-314602,36296111,553.355051712755,2058.4002210698,64.13,0.389
2017,YR2017,Albania,ALB,-69998,2873457,4249.80373367726,12770.9642910053,78.333,0.621
2017,YR2017,Algeria,DZA,-50002,41389174,4192.33769222269,11737.4012353821,76.499,0.523
2017,YR2017,American Samoa,ASM,..,55617,11066.0601740887,..,..,..
2017,YR2017,Andorra,AND,..,76997,37707.8332368482,..,..,..
2017,YR2017,Angola,AGO,32066,29816769,2845.43166970475,7310.89655060067,60.379,0.361
2017,YR2017,Antigua and Barbuda,ATG,0,95425,15242.3730650282,19840.2840357027,76.752,..
2017,YR2017,Argentina,ARG,24000,44044811,13595.0373551081,23597.117752839,76.372,0.611
2017,YR2017,Armenia,ARM,-24989,2944789,3860.21805793624,12115.1392902637,74.797,0.572
2017,YR2017,Aruba,ABW,1004,105361,30293.3515385045,38893.9605556605,76.01,..
2017,YR2017,Australia,AUS,791229,24601860,57695.5712591341,48398.5497014956,82.5,0.803
2017,YR2017,Austria,AUT,324998,8797566,45281.723399938,54172.9867888254,81.6439024390244,0.793
2017,YR2017,Azerbaijan,AZE,6002,9854033,5229.5261405359,14121.4069355591,72.693,0.597
2017,YR2017,"Bahamas, The",BHS,4999,381749,31745.6450295564,35911.6543529589,73.554,..
2017,YR2017,Bahrain,BHR,239000,1494077,22445.4525574091,47709.7780156397,77.032,0.668
2017,YR2017,Bangladesh,BGD,-1847503,159685421,1394.78137870973,4894.5633653895,72.052,0.479
2017,YR2017,Barbados,BRB,-397,286229,17002.0271046108,15800.4243054551,78.981,..
2017,YR2017,Belarus,BLR,43648,9458989,5964.89294392711,18356.1007741722,74.1292682926829,..
2017,YR2017,Belgium,BEL,240000,11375158,41825.7628316432,50442.2705419624,81.4926829268293,0.757
2017,YR2017,Belize,BLZ,6000,375775,4705.09659441426,7140.90511885309,74.365,..
2017,YR2017,Benin,BEN,-10000,11175192,1112.81709413435,3044.51715620319,61.174,0.406
2017,YR2017,Bermuda,BMU,..,63873,107237.031768386,81834.9558735543,81.4419512195122,..
2017,YR2017,Bhutan,BTN,1600,745563,3040.93700292467,11142.4746724654,71.129,..
2017,YR2017,Bolivia,BOL,-47520,11192853,3203.00443869019,8423.69755965624,70.945,..
2017,YR2017,Bosnia and Herzegovina,BIH,-107926,3351534,5150.27329952143,13753.8379418909,77.128,0.618
2017,YR2017,Botswana,BWA,14999,2205076,6855.16031130191,15948.0320233624,68.812,0.424
2017,YR2017,Brazil,BRA,106000,207833825,8498.29390646058,14524.6135408174,75.456,0.56
2017,YR2017,British Virgin Islands,VGB,..,29567,..,..,..,..
2017,YR2017,Brunei Darussalam,BRN,0,424481,30101.5287956055,60994.5315563275,75.585,..
2017,YR2017,Bulgaria,BGR,-24001,7075947,7599.12495683519,21469.9454411605,74.8146341463415,0.676
2017,YR2017,Burkina Faso,BFA,-125000,19193236,693.72643925639,2044.38698676758,60.768,0.369
2017,YR2017,Burundi,BDI,10003,10827010,286.395458977172,773.572858670972,60.898,0.38
2017,YR2017,Cabo Verde,CPV,-6709,537499,3225.75175318147,6643.17989182913,72.57,..
2017,YR2017,Cambodia,KHM,-149999,16009413,1289.98581415514,3928.37393363069,69.289,0.493
2017,YR2017,Cameroon,CMR,-24000,24566070,1419.17613378921,3665.11785084879,58.511,0.394
2017,YR2017,Canada,CAN,1210159,36545236,44325.4883367463,48317.1745835151,81.9,0.799
2017,YR2017,Cayman Islands,CYM,..,63382,79133.8001721067,69753.0895617267,..,..
2017,YR2017,Central African Republic,CAF,-200000,4596023,404.002459146999,912.803045335037,52.24,..
2017,YR2017,Chad,TCD,10000,15016761,663.164729428375,1587.03232784726,53.712,0.293
2017,YR2017,Channel Islands,CHI,6754,168666,..,..,82.766,..
2017,YR2017,Chile,CHL,558539,18470435,13540.4386716385,24411.5447695103,79.909,0.674
2017,YR2017,China,CHN,-1741996,1396215000,9053.21273337092,14243.5326108491,76.47,0.673
2017,YR2017,Colombia,COL,1023981,48909844,6208.98702035873,14171.3205005648,76.925,0.593
2017,YR2017,Comoros,COM,-10000,813890,1273.13444849632,3032.26213308111,63.912,0.409
2017,YR2017,"Congo, Dem. Rep.",COD,119303,81398765,494.781248470007,1059.81076228861,60.026,0.369
2017,YR2017,"Congo, Rep.",COG,-20000,5110701,1984.69852756762,4234.65988322399,63.954,0.42
2017,YR2017,Costa Rica,CRI,21000,4949955,12375.9237345731,20347.0347715842,79.914,0.619
2017,YR2017,Cote d'Ivoire,CIV,-40000,24437475,2157.24519467902,4830.75051522678,57.017,0.353
2017,YR2017,Croatia,HRV,-40004,4124531,13021.671657152,27154.0846858541,77.8268292682927,0.723
2017,YR2017,Cuba,CUB,-72000,11339255,7863.39468388695,..,78.662,..
2017,YR2017,Curacao,CUW,2573,160175,18504.3056682263,24599.9378277876,78.0170731707317,..
2017,YR2017,Cyprus,CYP,25000,1179685,26013.83203125,38287.96875,80.672,0.751
2017,YR2017,Czechia,CZE,110057,10594438,19139.2398841383,38824.8879170919,78.9780487804878,0.782
2017,YR2017,Denmark,DNK,75998,5764980,55735.7649011485,55356.680780178,81.1024390243903,0.774
2017,YR2017,Djibouti,DJI,4501,944100,2901.00978212325,4904.97663629569,65.893,..
2017,YR2017,Dominica,DMA,..,71460,7261.41341611529,11341.3325927629,..,..
2017,YR2017,Dominican Republic,DOM,-150000,10513111,7556.85365014568,16735.3644228294,73.689,0.492
2017,YR2017,Ecuador,ECU,182000,16785356,5981.13261786687,11617.9122190573,76.584,0.602
2017,YR2017,"Egypt, Arab Rep.",EGY,-190164,96442590,3712.60365352095,11014.4864791744,71.656,0.486
2017,YR2017,El Salvador,SLV,-202694,6388124,3846.97393435035,8454.05216690571,72.872,0.501
2017,YR2017,Equatorial Guinea,GNQ,79998,1262008,8986.95100457202,22550.958161123,58.061,..
2017,YR2017,Eritrea,ERI,-199290,..,..,..,65.538,..
2017,YR2017,Estonia,EST,19555,1317384,18962.4103006448,33821.93290847,78.0926829268293,0.747
2017,YR2017,Ethiopia,ETH,150002,106399926,727.844054349637,2021.56290796009,65.872,0.385
2017,YR2017,Faroe Islands,FRO,..,48326,..,..,82.2926829268293,..
2017,YR2017,Fiji,FJI,-31008,877460,5759.65863654407,13429.3006222384,67.252,..
2017,YR2017,Finland,FIN,70000,5508214,45173.6294067199,47570.133583848,81.6317073170732,0.814
2017,YR2017,France,FRA,182636,66918020,37694.0833027304,44577.0645745394,82.5756097560976,0.765
2017,YR2017,French Polynesia,PYF,-5000,276108,20580.1426813769,..,77.251,..
2017,YR2017,Gabon,GAB,16301,2064812,7145.11756385762,15006.8440374987,65.839,0.453
2017,YR2017,"Gambia, The",GMB,-15436,2213900,665.213221456846,2072.64683284207,61.44,0.397
2017,YR2017,Georgia,GEO,-50000,3728004,4327.72758530017,13589.7073915159,73.414,0.614
2017,YR2017,Germany,DEU,2719112,82657002,42639.5544087286,53071.4555699913,80.9926829268293,0.795
2017,YR2017,Ghana,GHA,-50000,29121464,1896.36673179505,5115.90675022862,63.463,0.439
2017,YR2017,Gibraltar,GIB,..,33723,..,..,..,..
2017,YR2017,Greece,GRC,-80000,10754679,18304.3076770645,28604.8609402657,81.2878048780488,0.681
2017,YR2017,Greenland,GRL,..,56171,46598.8233034331,..,71.579756097561,..
2017,YR2017,Grenada,GRD,-1000,110874,9742.6036607648,16217.4998498411,72.388,..
2017,YR2017,Guam,GUM,-2532,164281,35678.2832965149,..,79.631,..
2017,YR2017,Guatemala,GTM,-46073,16087418,4091.26800012075,8322.21680991504,73.81,0.46
2017,YR2017,Guinea,GIN,-20000,12067516,890.788676719394,2417.80379491482,60.706,0.374
2017,YR2017,Guinea-Bissau,GNB,-6996,1828146,645.359086537753,1925.23773659951,57.673,..
2017,YR2017,Guyana,GUY,-30001,775218,5945.06873183883,12005.4051046745,69.624,0.495
2017,YR2017,Haiti,HTI,-175000,10982367,1409.63253702719,3153.29938869996,63.29,0.446
2017,YR2017,Honduras,HND,-34000,9429016,2423.59226577571,5561.99454219124,74.898,0.49
2017,YR2017,"Hong Kong SAR, China",HKG,146542,7393200,44380.534941791,59842.2129961658,84.6804878048781,0.822
2017,YR2017,Hungary,HUN,29999,9787966,13630.6882407458,29501.1204204706,75.8170731707317,0.703
2017,YR2017,Iceland,ISL,1900,343400,56501.4576788793,55638.4920591796,82.6609756097561,0.74
2017,YR2017,India,IND,-2663434,1338676779,1816.73087569391,6182.92210857444,69.165,0.44
2017,YR2017,Indonesia,IDN,-494777,264650969,3589.71554262199,10935.6317158256,71.282,0.535
2017,YR2017,"Iran, Islamic Rep.",IRN,-274998,80673888,5657.97008130138,15883.3942548656,76.271,0.591
2017,YR2017,Iraq,IRQ,39171,37552789,4961.40450824501,10526.3709148753,70.294,0.398
2017,YR2017,Ireland,IRL,118020,4807388,67424.2285587633,77749.2019569363,82.1560975609756,0.806
2017,YR2017,Isle of Man,IMN,..,83610,94883.2884753862,..,..,..
2017,YR2017,Israel,ISR,50002,8713300,37550.727685517,39121.2958325461,82.5512195121951,0.763
2017,YR2017,Italy,ITA,744713,60536709,31244.2270989224,41581.120790548,82.9463414634147,0.769
2017,YR2017,Jamaica,JAM,-56658,2920848,4973.72417236268,9600.10474580389,74.267,0.544
2017,YR2017,Japan,JPN,357800,126972000,35861.9728545838,41444.2157443914,84.099756097561,0.844
2017,YR2017,Jordan,JOR,51099,9785840,4105.72095129719,10003.5749827297,74.292,0.562
2017,YR2017,Kazakhstan,KAZ,-90000,18037776,10758.5208843812,24862.9661245889,72.95,0.746
2017,YR2017,Kenya,KEN,-50000,50221146,1510.90807221582,4203.58501078548,65.909,0.518
2017,YR2017,Kiribati,KIR,-3999,114153,1481.01309990081,2069.05418496702,67.851,0.479
2017,YR2017,"Korea, Dem. People's Rep.",PRK,-27013,25429816,..,..,71.91,..
2017,YR2017,"Korea, Rep.",KOR,58657,51361911,30307.395236491,40957.4180587145,82.6268292682927,0.845
2017,YR2017,Kosovo,XKX,..,1791003,3890.19616820075,10436.1688459323,72.2951219512195,0.56
2017,YR2017,Kuwait,KWT,197600,4056102,27702.1878533581,50855.5529145289,75.311,0.576
2017,YR2017,Kyrgyz Republic,KGZ,-20000,6198200,1177.43873608377,5046.69153549095,71.2,0.58
2017,YR2017,Lao PDR,LAO,-73518,6953031,2373.59737898011,7257.81210698745,67.277,0.452
2017,YR2017,Latvia,LVA,-74186,1942248,14845.2771981948,28673.5633962664,74.6292682926829,0.724
2017,YR2017,Lebanon,LBN,-150060,6819373,7502.65449905703,15953.6704227647,78.833,0.538
2017,YR2017,Lesotho,LSO,-50234,2091532,1132.00926895142,2668.29142526247,52.947,0.371
2017,YR2017,Liberia,LBR,-25000,4702224,692.20304237615,1564.19768164013,63.295,0.319
2017,YR2017,Libya,LBY,-9997,6580723,9662.28218597782,23467.9784368285,72.52,..
2017,YR2017,Liechtenstein,LIE,..,37805,..,..,83.7463414634147,..
2017,YR2017,Lithuania,LTU,-163902,2828403,15661.9962536775,33761.871239796,75.4804878048781,0.712
2017,YR2017,Luxembourg,LUX,48704,596336,107142.127556443,114985.842235989,82.0951219512195,0.692
2017,YR2017,"Macao SAR, China",MAC,25000,622578,79040.387670443,126144.104058125,83.989,0.759
2017,YR2017,North Macedonia,MKD,-4999,2074502,5043.69224811274,15706.4441718656,75.9536585365854,0.534
2017,YR2017,Madagascar,MDG,-7500,25570511,478.610657077595,1584.4245185922,66.311,0.374
2017,YR2017,Malawi,MWI,-80263,17670193,384.420750723212,1472.14686847702,63.279,0.407
2017,YR2017,Malaysia,MYS,249999,31104655,10707.7483031664,26661.5074160333,75.828,0.622
2017,YR2017,Maldives,MDV,56851,496398,9437.90631619328,18057.9109233313,78.325,..
2017,YR2017,Mali,MLI,-200000,18512429,789.072630828653,2246.79742084484,58.452,0.317
2017,YR2017,Malta,MLT,4501,467999,27215.6034839179,43559.3161796569,82.3463414634146,0.701
2017,YR2017,Marshall Islands,MHL,..,58053,3312.17508139114,3711.44609037284,..,..
2017,YR2017,Mauritania,MRT,25002,4282582,1549.5779006315,5108.54913220438,64.464,0.353
2017,YR2017,Mauritius,MUS,0,1264613,9966.7696658865,21415.1161096211,74.5146341463415,0.626
2017,YR2017,Mexico,MEX,-300000,124777326,9842.40071150603,19721.2609759241,74.947,0.607
2017,YR2017,"Micronesia, Fed. Sts.",FSM,-2999,111461,2941.87332481567,3489.70759429143,67.618,..
2017,YR2017,Moldova,MDA,-6935,2755158,3072.80099532282,11651.3174467707,71.717,0.58
2017,YR2017,Monaco,MCO,..,38392,162819.384890552,..,..,..
2017,YR2017,Mongolia,MNG,-4262,3113788,4000.83782010661,11366.3039371032,69.509,0.626
2017,YR2017,Montenegro,MNE,-2400,622373,7023.43051268611,19682.2651956681,76.4853658536585,0.615
2017,YR2017,Morocco,MAR,-257096,35581257,2950.21215820313,7312.056640625,76.218,0.5
2017,YR2017,Mozambique,MOZ,-25000,28649007,599.691912135997,1283.65986980986,59.309,0.361
2017,YR2017,Myanmar,MMR,-816564,53382521,1380.15279898287,4224.54503061412,66.558,0.473
2017,YR2017,Namibia,NAM,-24030,2402623,4670.94926975065,10171.4214953612,63.021,0.435
2017,YR2017,Nauru,NRU,..,10577,7986.14269990462,12973.8201784052,..,..
2017,YR2017,Nepal,NPL,208549,27632682,964.897795187132,3565.1978074109,70.169,0.49
2017,YR2017,Netherlands,NLD,80000,17131296,46997.3454541962,55088.6338006744,81.7609756097561,0.8
2017,YR2017,New Caledonia,NCL,2510,270000,..,..,77.5390243902439,..
2017,YR2017,New Zealand,NZL,74403,4813600,39759.1506503582,42218.5377148394,81.6585365853659,0.767
2017,YR2017,Nicaragua,NIC,-106360,6384843,2185.88870894688,6004.02858029106,74.068,0.531
2017,YR2017,Niger,NER,20001,21602388,497.719885328768,1163.22617020833,61.599,0.316
2017,YR2017,Nigeria,NGA,-300000,190873247,2529.38524845349,5190.35612668836,53.95,0.342
2017,YR2017,Northern Mariana Islands,MNP,..,56553,25609.2300652271,..,..,..
2017,YR2017,Norway,NOR,140000,5276968,75610.6494832583,64050.7561654659,82.609756097561,0.771
2017,YR2017,Oman,OMN,437000,4665926,17774.451864124,33308.4843146012,77.393,0.622
2017,YR2017,Pakistan,PAK,-1166895,207906210,1434.13033561766,5091.08716396767,66.947,0.389
2017,YR2017,Palau,PLW,..,17809,15218.2556107507,17768.4110462887,..,..
2017,YR2017,Panama,PAN,56000,4106764,14596.7410938158,30446.8495642244,78.149,0.532
2017,YR2017,Papua New Guinea,PNG,-3999,8438038,2811.79746464386,4285.10947484739,64.01,0.384
2017,YR2017,Paraguay,PRY,-82780,6867058,5762.7326449502,12590.548443655,73.992,0.533
2017,YR2017,Peru,PER,495345,31444299,6432.9243294982,12506.5293750586,76.286,0.586
2017,YR2017,Philippines,PHL,-335758,105172921,3338.44153304114,8120.86879329703,70.952,0.548
2017,YR2017,Poland,POL,-146976,37974826,13604.5404668014,30064.5034841771,77.7536585365854,0.747
2017,YR2017,Portugal,PRT,-30001,10300300,20441.4858041084,33044.7167387479,81.4243902439025,0.776
2017,YR2017,Puerto Rico,PRI,-489932,3325286,29809.2177040267,34363.7546291317,79.6345365853659,..
2017,YR2017,Qatar,QAT,200000,2724727,60262.7460959426,91738.7527899469,79.981,0.615
2017,YR2017,Romania,ROU,-369997,19588715,10195.0747280838,27141.9009335846,75.309756097561,0.601
2017,YR2017,Russian Federation,RUS,912279,144496739,9473.1796875,25926.443359375,72.4514634146342,0.729
2017,YR2017,Rwanda,RWA,-44998,11980960,785.339255503284,1975.24866113275,68.341,0.374
2017,YR2017,Samoa,WSM,-14013,195358,4408.58575406,6486.10833918449,73.046,..
2017,YR2017,San Marino,SMR,..,33671,43254.5185234033,58867.0132641763,..,..
2017,YR2017,Sao Tome and Principe,STP,-8401,207086,1651.01201657277,3952.94539403456,69.933,..
2017,YR2017,Saudi Arabia,SAU,674895,33101183,19946.9529624275,47306.2120226254,74.874,0.585
2017,YR2017,Senegal,SEN,-100001,15419354,1316.84468769724,3203.90636811769,67.38,0.418
2017,YR2017,Serbia,SRB,20000,7020858,5959.52267314354,16611.023740948,75.5390243902439,0.755
2017,YR2017,Seychelles,SYC,-1000,95843,16267.1714234195,28116.7104861277,74.3,0.678
2017,YR2017,Sierra Leone,SLE,-21000,7488427,622.530318311141,1633.73073779599,53.895,0.351
2017,YR2017,Singapore,SGP,135142,5612253,59484.685464386,95310.3338580206,83.0951219512195,0.884
2017,YR2017,Sint Maarten (Dutch part),SXM,..,40574,29237.8460926268,37914.1229673611,..,..
2017,YR2017,Slovak Republic,SVK,7423,5439232,17105.6656500949,30061.5514717196,77.1658536585366,0.694
2017,YR2017,Slovenia,SVN,9999,2066388,22563.7589398118,36507.5530416531,81.0292682926829,0.788
2017,YR2017,Solomon Islands,SLB,-7998,636030,2292.09089127655,2663.49200433859,72.645,0.443
2017,YR2017,Somalia,SOM,-200002,14589165,406.427231255171,1079.11244268258,56.709,..
2017,YR2017,South Africa,ZAF,727026,57009751,6192.89240023292,13860.2701664709,63.538,0.406
2017,YR2017,South Sudan,SSD,-870998,10910774,..,..,57.365,0.302
2017,YR2017,Spain,ESP,200000,46593236,27224.3980320415,39528.9253872668,83.2829268292683,0.743
2017,YR2017,Sri Lanka,LKA,-489932,21444000,4067.99306501342,12584.1047924776,76.648,0.584
2017,YR2017,St. Kitts and Nevis,KNA,..,52036,19317.7873561726,26980.3245580733,..,..
2017,YR2017,St. Lucia,LCA,0,180955,10718.8599798181,14928.3960684552,75.907,..
2017,YR2017,St. Martin (French part),MAF,..,36569,..,..,79.6219512195122,..
2017,YR2017,St. Vincent and the Grenadines,VCT,-1000,109826,7583.52757324851,13102.1304906164,72.3,..
2017,YR2017,Sudan,SDN,-250001,40813398,2169.77221679688,4598.85009765625,64.881,0.379
2017,YR2017,Suriname,SUR,-4999,570501,8677.78217385552,18283.6883894232,71.463,..
2017,YR2017,Eswatini,SWZ,-41764,1124808,3724.76190419179,8408.03591539676,58.319,0.409
2017,YR2017,Sweden,SWE,200000,10057698,52576.8102821051,51947.9542478244,82.409756097561,0.8
2017,YR2017,Switzerland,CHE,259999,8451840,86119.1453732551,69103.570264696,83.5512195121951,0.767
2017,YR2017,Syrian Arab Republic,SYR,-2136954,17095669,965.676475234525,..,70.967,..
2017,YR2017,Tajikistan,TJK,-99999,8880270,1066.39830245955,3252.93265536068,70.647,0.533
2017,YR2017,Tanzania,TZA,-200381,54660345,1018.98968505859,2530.60327148438,64.479,0.4
2017,YR2017,Thailand,THA,97222,69209817,6247.9920783153,17422.9523512059,76.683,0.604
2017,YR2017,Timor-Leste,TLS,-26924,1243260,1285.13987403259,3177.48513651044,69.007,0.434
2017,YR2017,Togo,TGO,-9999,7698476,598.191423084793,2012.24069260973,60.489,0.413
2017,YR2017,Tonga,TON,-3999,102002,4717.50754686215,6466.34066859204,70.701,0.512
2017,YR2017,Trinidad and Tobago,TTO,-3999,1384060,16594.1463752913,27277.878321335,73.245,0.613
2017,YR2017,Tunisia,TUN,-20000,11433438,4139.4041532495,11234.4984240293,76.31,0.508
2017,YR2017,Turkiye,TUR,1419610,81116451,11835.2611056347,27913.8187158996,77.161,0.626
2017,YR2017,Turkmenistan,TKM,-25001,5757667,7032.45791282766,14205.0265119624,67.956,..
2017,YR2017,Turks and Caicos Islands,TCA,..,37116,26544.3607110348,27060.5896570252,..,..
2017,YR2017,Tuvalu,TUV,..,11365,3483.49300350065,4010.05072342858,..,0.554
2017,YR2017,Uganda,UGA,843469,41166588,850.162197691424,2074.65243576542,62.516,0.382
2017,YR2017,Ukraine,UKR,50001,44831135,2246.73852539063,11860.560546875,71.7809756097561,0.647
2017,YR2017,United Arab Emirates,ARE,200000,9487206,39798.5091267933,67183.6053123325,77.647,0.659
2017,YR2017,United Kingdom,GBR,1303250,66058859,46746.6418904989,46372.38660351,81.2560975609756,0.781
2017,YR2017,United States,USA,4774029,325122128,58215.4116283343,59914.7777969757,78.5390243902439,0.762
2017,YR2017,Uruguay,URY,-15000,3436645,16020.3804993356,23009.8742286911,77.632,0.6
2017,YR2017,Uzbekistan,UZB,-44314,32388600,2943.09922167133,6840.70986001705,71.388,..
2017,YR2017,Vanuatu,VUT,600,285499,2849.26351223341,3081.46177749704,70.172,0.471
2017,YR2017,"Venezuela, RB",VEN,-3266243,29402480,..,..,72.246,..
2017,YR2017,Vietnam,VNM,-399999,94600643,2885.59173584673,8996.37810322401,75.241,0.666
2017,YR2017,Virgin Islands (U.S.),VIR,-2254,107281,34435.4944455756,..,79.3682926829268,..
2017,YR2017,West Bank and Gaza,PSE,-52816,4454805,3462.97986107136,6401.74089135074,73.74,0.554
2017,YR2017,"Yemen, Rep.",YEM,-150000,27834811,1311.82466475434,..,66.086,0.369
2017,YR2017,Zambia,ZMB,-40000,16853608,1354.40711529643,3485.02178024575,63.043,0.396
2017,YR2017,Zimbabwe,ZWE,-584288,14236599,1479.37605645489,2416.04996916414,60.812,0.441
,,,,,,,,,
,,,,,,,,,
,,,,,,,,,
Data from database: World Development Indicators,,,,,,,,,
Last Updated: 09/16/2022,,,,,,,,,
